{"cameraMode":{"drawMode":0,"name":"Shaded","section":"Shading Mode"},"sceneLighting":false,"audioPlay":false,"sceneViewState":{"showFog":false,"showMaterialUpdate":false,"showSkybox":false,"showFlares":false,"showImageEffects":false,"showParticleSystems":false},"in2DMode":false,"pivot":{"x":-0.1090087890625,"y":2.126007080078125,"z":-0.14000000059604646},"rotation":{"x":0.17865394055843354,"y":0.7927193641662598,"z":-0.2757900655269623,"w":0.5134879946708679},"size":1.654684066772461,"orthographic":false}