{"cameraMode":{"drawMode":0,"name":"Shaded","section":"Shading Mode"},"sceneLighting":false,"audioPlay":false,"sceneViewState":{"showFog":false,"showMaterialUpdate":false,"showSkybox":false,"showFlares":false,"showImageEffects":false,"showParticleSystems":false},"in2DMode":false,"pivot":{"x":4.994296550750732,"y":1.6750388145446778,"z":3.5637130737304689},"rotation":{"x":-0.008987780660390854,"y":0.264165461063385,"z":-0.0024260624777525665,"w":-0.964474081993103},"size":4.3935465812683109,"orthographic":false}