{"cameraMode":{"drawMode":0,"name":"Shaded","section":"Shading Mode"},"sceneLighting":false,"audioPlay":false,"sceneViewState":{"showFog":false,"showMaterialUpdate":false,"showSkybox":false,"showFlares":false,"showImageEffects":false,"showParticleSystems":false},"in2DMode":false,"pivot":{"x":77.1978530883789,"y":0.8631883859634399,"z":6.652308464050293},"rotation":{"x":0.38648536801338198,"y":0.14369013905525208,"z":-0.06114692613482475,"w":0.9089945554733276},"size":6.63552713394165,"orthographic":false}