{"cameraMode":{"drawMode":0,"name":"Shaded","section":"Shading Mode"},"sceneLighting":false,"audioPlay":false,"sceneViewState":{"showFog":false,"showMaterialUpdate":false,"showSkybox":false,"showFlares":false,"showImageEffects":false,"showParticleSystems":false},"in2DMode":false,"pivot":{"x":-0.07207810878753662,"y":1.3303289413452149,"z":-1.5748965740203858},"rotation":{"x":0.18688327074050904,"y":0.7500739097595215,"z":-0.23849698901176454,"w":0.5879942178726196},"size":5.587837219238281,"orthographic":false}