{"cameraMode":{"drawMode":0,"name":"Shaded","section":"Shading Mode"},"sceneLighting":false,"audioPlay":false,"sceneViewState":{"showFog":false,"showMaterialUpdate":false,"showSkybox":false,"showFlares":false,"showImageEffects":false,"showParticleSystems":false},"in2DMode":false,"pivot":{"x":59.2393684387207,"y":1.5116190910339356,"z":7.444034099578857},"rotation":{"x":-0.43582406640052798,"y":0.12118102610111237,"z":-0.059303492307662967,"w":-0.8899038434028626},"size":2.6383841037750246,"orthographic":false}