{"cameraMode":{"drawMode":0,"name":"Shaded","section":"Shading Mode"},"sceneLighting":false,"audioPlay":false,"sceneViewState":{"showFog":false,"showMaterialUpdate":false,"showSkybox":false,"showFlares":false,"showImageEffects":false,"showParticleSystems":false},"in2DMode":false,"pivot":{"x":-189.94818115234376,"y":191.25967407226563,"z":-35.163543701171878},"rotation":{"x":0.1279049813747406,"y":0.36967426538467409,"z":-0.051460906863212588,"w":0.9188817143440247},"size":686.6988525390625,"orthographic":false}