{"cameraMode":{"drawMode":0,"name":"Shaded","section":"Shading Mode"},"sceneLighting":false,"audioPlay":false,"sceneViewState":{"showFog":false,"showMaterialUpdate":false,"showSkybox":false,"showFlares":false,"showImageEffects":false,"showParticleSystems":false},"in2DMode":false,"pivot":{"x":-1.0000001192092896,"y":0.9575859308242798,"z":0.26503610610961916},"rotation":{"x":-0.005354013759642839,"y":0.9620367288589478,"z":-0.2728058099746704,"w":-0.020112963393330575},"size":5.892302513122559,"orthographic":false}