{"cameraMode":{"drawMode":0,"name":"Shaded","section":"Shading Mode"},"sceneLighting":false,"audioPlay":false,"sceneViewState":{"showFog":false,"showMaterialUpdate":false,"showSkybox":false,"showFlares":false,"showImageEffects":false,"showParticleSystems":false},"in2DMode":false,"pivot":{"x":58.47999954223633,"y":1.052561640739441,"z":12.305036544799805},"rotation":{"x":-0.3867407441139221,"y":-0.14378507435321809,"z":0.06118732690811157,"w":-0.9088681936264038},"size":6.266957759857178,"orthographic":false}