{"cameraMode":{"drawMode":0,"name":"Shaded","section":"Shading Mode"},"sceneLighting":false,"audioPlay":false,"sceneViewState":{"showFog":false,"showMaterialUpdate":false,"showSkybox":false,"showFlares":false,"showImageEffects":false,"showParticleSystems":false},"in2DMode":false,"pivot":{"x":-0.02500000037252903,"y":1.100000023841858,"z":0.5000500082969666},"rotation":{"x":0.06197615712881088,"y":-0.38373520970344546,"z":-0.025824952870607377,"w":-0.9210127592086792},"size":0.388191282749176,"orthographic":false}